{
  "full": {
    "blitz": {
      "intercept": 1707.7556703346058,
      "coefs": [
        180.66969203995265,
        48.95434413604036,
        106.69378597514692,
        -30.495684533591138,
        -15.800041669066065,
        -6.63098656938521,
        57.82311493799313
      ],
      "scaler_mean": [
        33.996182348978216,
        34.491354143274194,
        2065.064450931956,
        136.31237368066473,
        207.16258701998652,
        4462.818549292611,
        486.42476083539185
      ],
      "scaler_std": [
        12.68409847666423,
        16.83138474676744,
        344.87882460515544,
        363.56454906354105,
        694.5484452826877,
        9176.66905846673,
        652.1860632010304
      ],
      "n_samples": 4453
    },
    "bullet": {
      "intercept": 1807.3296122209165,
      "coefs": [
        265.0786874315579,
        23.545913664496474,
        88.47066884289613,
        -42.45821441161535,
        -15.046577690019129,
        -10.98351126021508,
        52.6402003019213
      ],
      "scaler_mean": [
        35.000293772032904,
        34.951821386603996,
        2078.298472385429,
        133.2755581668625,
        196.9870740305523,
        4320.342831962397,
        481.81404532249644
      ],
      "scaler_std": [
        12.829591324150599,
        16.954509006411048,
        332.9165709741087,
        378.28290832761206,
        698.5154762589193,
        9587.494588739308,
        641.1391140127205
      ],
      "n_samples": 3404
    },
    "rapid": {
      "intercept": 1649.5014992503748,
      "coefs": [
        138.64391509233292,
        58.38541570610029,
        147.37293480765527,
        -18.83876869640214,
        -17.384129424707876,
        -10.770163452243267,
        57.96978447823651
      ],
      "scaler_mean": [
        29.565217391304348,
        29.474762618690654,
        1970.8063468265866,
        101.62943528235883,
        198.09470264867565,
        4371.772863568216,
        385.25261251318784
      ],
      "scaler_std": [
        12.001098132547034,
        15.899499700014669,
        376.0760290684288,
        287.04958479514545,
        555.8475506172177,
        9001.184771905542,
        537.2797366911874
      ],
      "n_samples": 4002
    }
  },
  "storm_streak_puzzle": {
    "blitz": {
      "intercept": 1707.7556703346058,
      "coefs": [
        169.89450853063133,
        56.93190502854237,
        112.18700577130596
      ],
      "scaler_mean": [
        33.996182348978216,
        34.491354143274194,
        2065.064450931956
      ],
      "scaler_std": [
        12.68409847666423,
        16.83138474676744,
        344.87882460515544
      ],
      "n_samples": 4453
    },
    "bullet": {
      "intercept": 1807.3296122209165,
      "coefs": [
        249.98635670288337,
        30.782907105330203,
        96.18292902976361
      ],
      "scaler_mean": [
        35.000293772032904,
        34.951821386603996,
        2078.298472385429
      ],
      "scaler_std": [
        12.829591324150599,
        16.954509006411048,
        332.9165709741087
      ],
      "n_samples": 3404
    },
    "rapid": {
      "intercept": 1649.5014992503748,
      "coefs": [
        131.0321950411003,
        68.9489484126336,
        154.46274935028177
      ],
      "scaler_mean": [
        29.565217391304348,
        29.474762618690654,
        1970.8063468265866
      ],
      "scaler_std": [
        12.001098132547034,
        15.899499700014669,
        376.0760290684288
      ],
      "n_samples": 4002
    }
  },
  "storm_streak": {
    "blitz": {
      "intercept": 1706.0482897384306,
      "coefs": [
        221.42898989056172,
        97.80747031951847
      ],
      "scaler_mean": [
        33.79120879120879,
        34.41185574988392
      ],
      "scaler_std": [
        12.993094856668836,
        17.407242184206346
      ],
      "n_samples": 6461
    },
    "bullet": {
      "intercept": 1815.4902506963788,
      "coefs": [
        293.141510442219,
        67.95537744577811
      ],
      "scaler_mean": [
        35.07242339832869,
        35.028452049343414
      ],
      "scaler_std": [
        13.198563436122864,
        17.432200146318138
      ],
      "n_samples": 5026
    },
    "rapid": {
      "intercept": 1626.5882352941176,
      "coefs": [
        196.09418450972916,
        126.55741767180713
      ],
      "scaler_mean": [
        28.824225548207448,
        28.737208492864603
      ],
      "scaler_std": [
        12.066084912565673,
        16.286073696687
      ],
      "n_samples": 5746
    }
  },
  "storm_only": {
    "blitz": {
      "intercept": 1719.4551642178046,
      "coefs": [
        288.761239502934
      ],
      "scaler_mean": [
        33.62089455488332
      ],
      "scaler_std": [
        12.983961913115103
      ],
      "n_samples": 9256
    },
    "bullet": {
      "intercept": 1832.3527569775358,
      "coefs": [
        340.3475576161032
      ],
      "scaler_mean": [
        35.12212389380531
      ],
      "scaler_std": [
        13.1484349529134
      ],
      "n_samples": 7345
    },
    "rapid": {
      "intercept": 1631.1525401929262,
      "coefs": [
        287.00939600235733
      ],
      "scaler_mean": [
        28.438199356913184
      ],
      "scaler_std": [
        11.965577933329621
      ],
      "n_samples": 7775
    }
  },
  "streak_only": {
    "blitz": {
      "intercept": 1643.7366308994156,
      "coefs": [
        261.93941607546174
      ],
      "scaler_mean": [
        30.44246706795778
      ],
      "scaler_std": [
        16.976200445866443
      ],
      "n_samples": 11463
    },
    "bullet": {
      "intercept": 1744.0103586544888,
      "coefs": [
        288.5882437437025
      ],
      "scaler_mean": [
        30.790265092448205
      ],
      "scaler_std": [
        17.030151831841675
      ],
      "n_samples": 8978
    },
    "rapid": {
      "intercept": 1545.6523616734144,
      "coefs": [
        282.4539679027732
      ],
      "scaler_mean": [
        24.72919478182636
      ],
      "scaler_std": [
        15.575436779929698
      ],
      "n_samples": 11115
    }
  },
  "puzzle_only": {
    "blitz": {
      "intercept": 1624.5247373536354,
      "coefs": [
        286.9243071965384
      ],
      "scaler_mean": [
        1929.412181237562
      ],
      "scaler_std": [
        369.71642558273
      ],
      "n_samples": 21607
    },
    "bullet": {
      "intercept": 1711.799019607843,
      "coefs": [
        301.2547543636266
      ],
      "scaler_mean": [
        1949.9807598039215
      ],
      "scaler_std": [
        363.4358853595359
      ],
      "n_samples": 16320
    },
    "rapid": {
      "intercept": 1542.0394958412003,
      "coefs": [
        324.9536771245105
      ],
      "scaler_mean": [
        1809.181201204266
      ],
      "scaler_std": [
        406.1475535543437
      ],
      "n_samples": 19597
    }
  }
}